Ad Group,Campaign,Criterion Type,Keyword,Phrase
sofas,SEM_Sofas,Exact,sofas buy,
sofas,SEM_Sofas,Exact,sofas buy,
sofas,SEM_Sofas,Exact,sofas price,
sofas,SEM_Sofas,Exact,sofas price,
sofas,SEM_Sofas,Exact,sofas discount,
sofas,SEM_Sofas,Exact,sofas discount,
sofas,SEM_Sofas,Exact,sofas promotion,
sofas,SEM_Sofas,Exact,sofas promotion,
sofas,SEM_Sofas,Exact,sofas promo,
sofas,SEM_Sofas,Exact,sofas promo,
sofas,SEM_Sofas,Exact,sofas shop,
sofas,SEM_Sofas,Exact,sofas shop,
convertible sofas,SEM_Sofas,Exact,convertible sofas buy,
convertible sofas,SEM_Sofas,Exact,convertible sofas buy,
convertible sofas,SEM_Sofas,Exact,convertible sofas price,
convertible sofas,SEM_Sofas,Exact,convertible sofas price,
convertible sofas,SEM_Sofas,Exact,convertible sofas discount,
convertible sofas,SEM_Sofas,Exact,convertible sofas discount,
convertible sofas,SEM_Sofas,Exact,convertible sofas promotion,
convertible sofas,SEM_Sofas,Exact,convertible sofas promotion,
convertible sofas,SEM_Sofas,Exact,convertible sofas promo,
convertible sofas,SEM_Sofas,Exact,convertible sofas promo,
convertible sofas,SEM_Sofas,Exact,convertible sofas shop,
convertible sofas,SEM_Sofas,Exact,convertible sofas shop,
love seats,SEM_Sofas,Exact,love seats buy,
love seats,SEM_Sofas,Exact,love seats buy,
love seats,SEM_Sofas,Exact,love seats price,
love seats,SEM_Sofas,Exact,love seats price,
love seats,SEM_Sofas,Exact,love seats discount,
love seats,SEM_Sofas,Exact,love seats discount,
love seats,SEM_Sofas,Exact,love seats promotion,
love seats,SEM_Sofas,Exact,love seats promotion,
love seats,SEM_Sofas,Exact,love seats promo,
love seats,SEM_Sofas,Exact,love seats promo,
love seats,SEM_Sofas,Exact,love seats shop,
love seats,SEM_Sofas,Exact,love seats shop,
recliners,SEM_Sofas,Exact,recliners buy,
recliners,SEM_Sofas,Exact,recliners buy,
recliners,SEM_Sofas,Exact,recliners price,
recliners,SEM_Sofas,Exact,recliners price,
recliners,SEM_Sofas,Exact,recliners discount,
recliners,SEM_Sofas,Exact,recliners discount,
recliners,SEM_Sofas,Exact,recliners promotion,
recliners,SEM_Sofas,Exact,recliners promotion,
recliners,SEM_Sofas,Exact,recliners promo,
recliners,SEM_Sofas,Exact,recliners promo,
recliners,SEM_Sofas,Exact,recliners shop,
recliners,SEM_Sofas,Exact,recliners shop,
sofa beds,SEM_Sofas,Exact,sofa beds buy,
sofa beds,SEM_Sofas,Exact,sofa beds buy,
sofa beds,SEM_Sofas,Exact,sofa beds price,
sofa beds,SEM_Sofas,Exact,sofa beds price,
sofa beds,SEM_Sofas,Exact,sofa beds discount,
sofa beds,SEM_Sofas,Exact,sofa beds discount,
sofa beds,SEM_Sofas,Exact,sofa beds promotion,
sofa beds,SEM_Sofas,Exact,sofa beds promotion,
sofa beds,SEM_Sofas,Exact,sofa beds promo,
sofa beds,SEM_Sofas,Exact,sofa beds promo,
sofa beds,SEM_Sofas,Exact,sofa beds shop,
sofa beds,SEM_Sofas,Exact,sofa beds shop,
sofas,SEM_Sofas,Exact,sofas buy,Exact
sofas,SEM_Sofas,Exact,sofas buy,Exact
sofas,SEM_Sofas,Exact,sofas price,Exact
sofas,SEM_Sofas,Exact,sofas price,Exact
sofas,SEM_Sofas,Exact,sofas discount,Exact
sofas,SEM_Sofas,Exact,sofas discount,Exact
sofas,SEM_Sofas,Exact,sofas promotion,Exact
sofas,SEM_Sofas,Exact,sofas promotion,Exact
sofas,SEM_Sofas,Exact,sofas promo,Exact
sofas,SEM_Sofas,Exact,sofas promo,Exact
sofas,SEM_Sofas,Exact,sofas shop,Exact
sofas,SEM_Sofas,Exact,sofas shop,Exact
convertible sofas,SEM_Sofas,Exact,convertible sofas buy,Exact
convertible sofas,SEM_Sofas,Exact,convertible sofas buy,Exact
convertible sofas,SEM_Sofas,Exact,convertible sofas price,Exact
convertible sofas,SEM_Sofas,Exact,convertible sofas price,Exact
convertible sofas,SEM_Sofas,Exact,convertible sofas discount,Exact
convertible sofas,SEM_Sofas,Exact,convertible sofas discount,Exact
convertible sofas,SEM_Sofas,Exact,convertible sofas promotion,Exact
convertible sofas,SEM_Sofas,Exact,convertible sofas promotion,Exact
convertible sofas,SEM_Sofas,Exact,convertible sofas promo,Exact
convertible sofas,SEM_Sofas,Exact,convertible sofas promo,Exact
convertible sofas,SEM_Sofas,Exact,convertible sofas shop,Exact
convertible sofas,SEM_Sofas,Exact,convertible sofas shop,Exact
love seats,SEM_Sofas,Exact,love seats buy,Exact
love seats,SEM_Sofas,Exact,love seats buy,Exact
love seats,SEM_Sofas,Exact,love seats price,Exact
love seats,SEM_Sofas,Exact,love seats price,Exact
love seats,SEM_Sofas,Exact,love seats discount,Exact
love seats,SEM_Sofas,Exact,love seats discount,Exact
love seats,SEM_Sofas,Exact,love seats promotion,Exact
love seats,SEM_Sofas,Exact,love seats promotion,Exact
love seats,SEM_Sofas,Exact,love seats promo,Exact
love seats,SEM_Sofas,Exact,love seats promo,Exact
love seats,SEM_Sofas,Exact,love seats shop,Exact
love seats,SEM_Sofas,Exact,love seats shop,Exact
recliners,SEM_Sofas,Exact,recliners buy,Exact
recliners,SEM_Sofas,Exact,recliners buy,Exact
recliners,SEM_Sofas,Exact,recliners price,Exact
recliners,SEM_Sofas,Exact,recliners price,Exact
recliners,SEM_Sofas,Exact,recliners discount,Exact
recliners,SEM_Sofas,Exact,recliners discount,Exact
recliners,SEM_Sofas,Exact,recliners promotion,Exact
recliners,SEM_Sofas,Exact,recliners promotion,Exact
recliners,SEM_Sofas,Exact,recliners promo,Exact
recliners,SEM_Sofas,Exact,recliners promo,Exact
recliners,SEM_Sofas,Exact,recliners shop,Exact
recliners,SEM_Sofas,Exact,recliners shop,Exact
sofa beds,SEM_Sofas,Exact,sofa beds buy,Exact
sofa beds,SEM_Sofas,Exact,sofa beds buy,Exact
sofa beds,SEM_Sofas,Exact,sofa beds price,Exact
sofa beds,SEM_Sofas,Exact,sofa beds price,Exact
sofa beds,SEM_Sofas,Exact,sofa beds discount,Exact
sofa beds,SEM_Sofas,Exact,sofa beds discount,Exact
sofa beds,SEM_Sofas,Exact,sofa beds promotion,Exact
sofa beds,SEM_Sofas,Exact,sofa beds promotion,Exact
sofa beds,SEM_Sofas,Exact,sofa beds promo,Exact
sofa beds,SEM_Sofas,Exact,sofa beds promo,Exact
sofa beds,SEM_Sofas,Exact,sofa beds shop,Exact
sofa beds,SEM_Sofas,Exact,sofa beds shop,Exact
